Timestamp,PID,Name,CPU (%),RAM (MB),RAM (%),Running Time 
2026-10-01T20:55:28+07:00,6212,msedgewebview2.exe,5.25,584.46,3.63,1h7m1.5164637s
2026-10-01T20:55:28+07:00,20816,Code.exe,5.01,414.84,2.58,4m16.8102054s
2026-10-01T20:55:28+07:00,6448,Code.exe,4.66,423.12,2.63,9h19m48.5776542s
2026-10-01T20:55:28+07:00,1228,msedge.exe,4.09,238.20,1.48,8m37.5897669s
2026-10-01T20:55:28+07:00,12804,msedge.exe,3.06,417.74,2.60,12h31m23.2831048s
2026-10-01T20:55:28+07:00,6212,msedgewebview2.exe,5.25,584.46,3.63,1h7m1.5164637s
2026-10-01T20:55:28+07:00,6448,Code.exe,4.66,423.12,2.63,9h19m48.5776542s
2026-10-01T20:55:28+07:00,12804,msedge.exe,3.06,417.74,2.60,12h31m23.2831048s
2026-10-01T20:55:28+07:00,20816,Code.exe,5.01,414.84,2.58,4m16.8102054s
2026-10-01T20:55:28+07:00,19600,gopls.exe,2.71,259.08,1.61,4m13.7898618s
2026-10-01T20:55:32+07:00,6212,msedgewebview2.exe,5.25,586.47,3.65,1h7m5.7822512s
2026-10-01T20:55:32+07:00,20816,Code.exe,4.95,415.61,2.58,4m20.8403689s
2026-10-01T20:55:32+07:00,6448,Code.exe,4.66,420.88,2.62,9h19m52.5754876s
2026-10-01T20:55:32+07:00,1228,msedge.exe,4.06,238.20,1.48,8m41.4379693s
2026-10-01T20:55:32+07:00,12804,msedge.exe,3.06,417.74,2.60,12h31m27.8018472s
2026-10-01T20:55:32+07:00,6212,msedgewebview2.exe,5.25,586.47,3.65,1h7m5.7822512s
2026-10-01T20:55:32+07:00,6448,Code.exe,4.66,420.88,2.62,9h19m52.5754876s
2026-10-01T20:55:32+07:00,12804,msedge.exe,3.06,417.74,2.60,12h31m27.8018472s
2026-10-01T20:55:32+07:00,20816,Code.exe,4.95,415.61,2.58,4m20.8403689s
2026-10-01T20:55:32+07:00,19600,gopls.exe,2.67,259.08,1.61,4m17.8089233s
2026-10-01T20:55:36+07:00,6212,msedgewebview2.exe,5.24,587.00,3.65,1h7m9.6520702s
2026-10-01T20:55:36+07:00,20816,Code.exe,4.88,415.42,2.58,4m24.7930559s
2026-10-01T20:55:36+07:00,6448,Code.exe,4.66,427.25,2.66,9h19m56.6491153s
2026-10-01T20:55:36+07:00,1228,msedge.exe,4.02,237.32,1.48,8m45.5791319s
2026-10-01T20:55:36+07:00,12804,msedge.exe,3.06,417.74,2.60,12h31m31.7614032s
2026-10-01T20:55:36+07:00,6212,msedgewebview2.exe,5.24,587.00,3.65,1h7m9.6520702s
2026-10-01T20:55:36+07:00,6448,Code.exe,4.66,427.25,2.66,9h19m56.6491153s
2026-10-01T20:55:36+07:00,12804,msedge.exe,3.06,417.74,2.60,12h31m31.7614032s
2026-10-01T20:55:36+07:00,20816,Code.exe,4.88,415.42,2.58,4m24.7930559s
2026-10-01T20:55:36+07:00,19600,gopls.exe,2.63,259.09,1.61,4m21.7798834s
2026-10-01T20:55:40+07:00,6212,msedgewebview2.exe,5.24,586.98,3.65,1h7m13.8438815s
2026-10-01T20:55:40+07:00,20816,Code.exe,4.82,415.49,2.58,4m28.8309803s
2026-10-01T20:55:40+07:00,6448,Code.exe,4.66,421.46,2.62,9h20m0.859278s
2026-10-01T20:55:40+07:00,1228,msedge.exe,3.99,237.32,1.48,8m49.7709269s
2026-10-01T20:55:40+07:00,12804,msedge.exe,3.06,417.74,2.60,12h31m35.8321631s
2026-10-01T20:55:40+07:00,6212,msedgewebview2.exe,5.24,586.98,3.65,1h7m13.8438815s
2026-10-01T20:55:40+07:00,6448,Code.exe,4.66,421.46,2.62,9h20m0.859278s
2026-10-01T20:55:40+07:00,12804,msedge.exe,3.06,417.74,2.60,12h31m35.8321631s
2026-10-01T20:55:40+07:00,20816,Code.exe,4.82,415.49,2.58,4m28.8309803s
2026-10-01T20:55:40+07:00,19600,gopls.exe,2.59,259.09,1.61,4m25.8420001s
2026-10-01T20:55:44+07:00,6212,msedgewebview2.exe,5.23,585.50,3.64,1h7m17.7056228s
2026-10-01T20:55:44+07:00,20816,Code.exe,4.75,415.09,2.58,4m32.7746022s
2026-10-01T20:55:44+07:00,6448,Code.exe,4.66,428.53,2.66,9h20m4.7160788s
2026-10-01T20:55:44+07:00,1228,msedge.exe,3.96,237.39,1.48,8m53.6302219s
2026-10-01T20:55:44+07:00,12804,msedge.exe,3.06,417.74,2.60,12h31m39.7970964s
2026-10-01T20:55:44+07:00,6212,msedgewebview2.exe,5.23,585.50,3.64,1h7m17.7056228s
2026-10-01T20:55:44+07:00,6448,Code.exe,4.66,428.53,2.66,9h20m4.7160788s
2026-10-01T20:55:44+07:00,12804,msedge.exe,3.06,417.74,2.60,12h31m39.7970964s
2026-10-01T20:55:44+07:00,20816,Code.exe,4.75,415.09,2.58,4m32.7746022s
2026-10-01T20:55:44+07:00,19600,gopls.exe,2.55,259.09,1.61,4m29.794782s
2026-10-01T20:55:48+07:00,6212,msedgewebview2.exe,5.23,585.61,3.64,1h7m21.7447514s
2026-10-01T20:55:48+07:00,20816,Code.exe,4.69,416.59,2.59,4m36.7826699s
2026-10-01T20:55:48+07:00,6448,Code.exe,4.66,423.96,2.64,9h20m8.7826699s
2026-10-01T20:55:48+07:00,1228,msedge.exe,3.93,237.45,1.48,8m57.4477243s
2026-10-01T20:55:48+07:00,12804,msedge.exe,3.06,417.74,2.60,12h31m43.6460817s
2026-10-01T20:55:48+07:00,6212,msedgewebview2.exe,5.23,585.61,3.64,1h7m21.7447514s
2026-10-01T20:55:48+07:00,6448,Code.exe,4.66,423.96,2.64,9h20m8.7826699s
2026-10-01T20:55:48+07:00,12804,msedge.exe,3.06,417.74,2.60,12h31m43.6460817s
2026-10-01T20:55:48+07:00,20816,Code.exe,4.69,416.59,2.59,4m36.7826699s
2026-10-01T20:55:48+07:00,19600,gopls.exe,2.51,259.09,1.61,4m33.7295676s
2026-10-01T20:55:52+07:00,6212,msedgewebview2.exe,5.22,585.81,3.64,1h7m25.7013982s
2026-10-01T20:55:52+07:00,6448,Code.exe,4.66,426.68,2.65,9h20m12.7481298s
2026-10-01T20:55:52+07:00,20816,Code.exe,4.63,415.61,2.58,4m40.8284555s
2026-10-01T20:55:52+07:00,1228,msedge.exe,3.90,237.45,1.48,9m1.7051193s
2026-10-01T20:55:52+07:00,12804,msedge.exe,3.06,417.74,2.60,12h31m47.6539665s
2026-10-01T20:55:52+07:00,6212,msedgewebview2.exe,5.22,585.81,3.64,1h7m25.7013982s
2026-10-01T20:55:52+07:00,6448,Code.exe,4.66,426.68,2.65,9h20m12.7481298s
2026-10-01T20:55:52+07:00,12804,msedge.exe,3.06,417.74,2.60,12h31m47.6539665s
2026-10-01T20:55:52+07:00,20816,Code.exe,4.63,415.61,2.58,4m40.8284555s
2026-10-01T20:55:52+07:00,19600,gopls.exe,2.48,259.09,1.61,4m37.807337s
2026-10-01T20:55:56+07:00,6212,msedgewebview2.exe,5.22,589.36,3.66,1h7m29.6471268s
2026-10-01T20:55:56+07:00,6448,Code.exe,4.66,427.79,2.66,9h20m16.6554695s
2026-10-01T20:55:56+07:00,20816,Code.exe,4.58,415.86,2.58,4m44.7886377s
2026-10-01T20:55:56+07:00,1228,msedge.exe,3.88,237.45,1.48,9m5.6877417s
2026-10-01T20:55:56+07:00,12804,msedge.exe,3.06,417.74,2.60,12h31m51.7997634s
2026-10-01T20:55:56+07:00,6212,msedgewebview2.exe,5.22,589.36,3.66,1h7m29.6471268s
2026-10-01T20:55:56+07:00,6448,Code.exe,4.66,427.79,2.66,9h20m16.6554695s
2026-10-01T20:55:56+07:00,12804,msedge.exe,3.06,417.74,2.60,12h31m51.7997634s
2026-10-01T20:55:56+07:00,20816,Code.exe,4.58,415.86,2.58,4m44.7886377s
2026-10-01T20:55:56+07:00,19600,gopls.exe,2.44,259.09,1.61,4m41.818025s
2026-10-01T20:56:00+07:00,6212,msedgewebview2.exe,5.24,583.92,3.63,1h7m33.6850301s
2026-10-01T20:56:00+07:00,6448,Code.exe,4.66,429.34,2.67,9h20m20.5237852s
2026-10-01T20:56:00+07:00,20816,Code.exe,4.54,415.46,2.58,4m48.8042027s
2026-10-01T20:56:00+07:00,1228,msedge.exe,3.85,237.45,1.48,9m9.5629732s
2026-10-01T20:56:00+07:00,12804,msedge.exe,3.06,417.74,2.60,12h31m55.6531472s
2026-10-01T20:56:00+07:00,6212,msedgewebview2.exe,5.24,583.92,3.63,1h7m33.6850301s
2026-10-01T20:56:00+07:00,6448,Code.exe,4.66,429.34,2.67,9h20m20.5237852s
2026-10-01T20:56:00+07:00,12804,msedge.exe,3.06,417.74,2.60,12h31m55.6531472s
2026-10-01T20:56:00+07:00,20816,Code.exe,4.54,415.46,2.58,4m48.8042027s
2026-10-01T20:56:00+07:00,19600,gopls.exe,2.41,259.09,1.61,4m45.7964508s
2026-10-01T20:56:14+07:00,6212,msedgewebview2.exe,5.23,583.54,3.63,1h7m47.4176595s
2026-10-01T20:56:14+07:00,6448,Code.exe,4.66,431.78,2.68,9h20m34.4154741s
2026-10-01T20:56:14+07:00,20816,Code.exe,4.38,421.57,2.62,5m2.3875688s
2026-10-01T20:56:14+07:00,1228,msedge.exe,3.76,237.45,1.48,9m23.0477363s
2026-10-01T20:56:14+07:00,12804,msedge.exe,3.06,417.74,2.60,12h32m9.3912104s
2026-10-01T20:56:14+07:00,6212,msedgewebview2.exe,5.23,583.54,3.63,1h7m47.4176595s
2026-10-01T20:56:14+07:00,6448,Code.exe,4.66,431.78,2.68,9h20m34.4154741s
2026-10-01T20:56:14+07:00,20816,Code.exe,4.38,421.57,2.62,5m2.3875688s
2026-10-01T20:56:14+07:00,12804,msedge.exe,3.06,417.74,2.60,12h32m9.3912104s
2026-10-01T20:56:14+07:00,19600,gopls.exe,2.30,259.16,1.61,4m59.3145332s
2026-10-01T20:56:18+07:00,6212,msedgewebview2.exe,5.22,583.19,3.62,1h7m51.516631s
2026-10-01T20:56:18+07:00,6448,Code.exe,4.66,428.18,2.66,9h20m38.5849154s
2026-10-01T20:56:18+07:00,20816,Code.exe,4.33,419.80,2.61,5m6.6112325s
2026-10-01T20:56:18+07:00,1228,msedge.exe,3.74,240.32,1.49,9m27.427713s
2026-10-01T20:56:18+07:00,12804,msedge.exe,3.05,417.74,2.60,12h32m13.5993852s
2026-10-01T20:56:18+07:00,6212,msedgewebview2.exe,5.22,583.19,3.62,1h7m51.516631s
2026-10-01T20:56:18+07:00,6448,Code.exe,4.66,428.18,2.66,9h20m38.5849154s
2026-10-01T20:56:18+07:00,20816,Code.exe,4.33,419.80,2.61,5m6.6112325s
2026-10-01T20:56:18+07:00,12804,msedge.exe,3.05,417.74,2.60,12h32m13.5993852s
2026-10-01T20:56:18+07:00,19600,gopls.exe,2.57,259.27,1.61,5m3.6106981s
2026-10-01T20:56:22+07:00,6212,msedgewebview2.exe,5.22,583.48,3.63,1h7m55.4214793s
2026-10-01T20:56:22+07:00,6448,Code.exe,4.67,434.97,2.70,9h20m42.4301092s
2026-10-01T20:56:22+07:00,20816,Code.exe,4.30,422.03,2.62,5m10.4182853s
2026-10-01T20:56:22+07:00,1228,msedge.exe,3.71,240.32,1.49,9m31.1684374s
2026-10-01T20:56:22+07:00,12804,msedge.exe,3.05,417.74,2.60,12h32m17.3539467s
2026-10-01T20:56:22+07:00,6212,msedgewebview2.exe,5.22,583.48,3.63,1h7m55.4214793s
2026-10-01T20:56:22+07:00,6448,Code.exe,4.67,434.97,2.70,9h20m42.4301092s
2026-10-01T20:56:22+07:00,20816,Code.exe,4.30,422.03,2.62,5m10.4182853s
2026-10-01T20:56:22+07:00,12804,msedge.exe,3.05,417.74,2.60,12h32m17.3539467s
2026-10-01T20:56:22+07:00,19600,gopls.exe,2.75,259.27,1.61,5m7.4407972s
2026-10-01T20:56:26+07:00,6212,msedgewebview2.exe,5.22,584.06,3.63,1h7m59.3125123s
2026-10-01T20:56:26+07:00,6448,Code.exe,4.67,413.26,2.57,9h20m46.3114793s
2026-10-01T20:56:26+07:00,20816,Code.exe,4.25,421.61,2.62,5m14.4523092s
2026-10-01T20:56:26+07:00,1228,msedge.exe,3.69,240.32,1.49,9m35.3962257s
2026-10-01T20:56:26+07:00,12804,msedge.exe,3.05,417.74,2.60,12h32m21.3324866s
2026-10-01T20:56:26+07:00,6212,msedgewebview2.exe,5.22,584.06,3.63,1h7m59.3125123s
2026-10-01T20:56:26+07:00,20816,Code.exe,4.25,421.61,2.62,5m14.4523092s
2026-10-01T20:56:26+07:00,12804,msedge.exe,3.05,417.74,2.60,12h32m21.3324866s
2026-10-01T20:56:26+07:00,6448,Code.exe,4.67,413.26,2.57,9h20m46.3114793s
2026-10-01T20:56:26+07:00,19600,gopls.exe,2.72,259.27,1.61,5m11.4353708s
2026-10-01T20:56:30+07:00,6212,msedgewebview2.exe,5.21,583.08,3.62,1h8m3.433022s
2026-10-01T20:56:30+07:00,6448,Code.exe,4.67,423.16,2.63,9h20m50.4276128s
2026-10-01T20:56:30+07:00,20816,Code.exe,4.23,421.69,2.62,5m18.380307s
2026-10-01T20:56:30+07:00,1228,msedge.exe,3.66,240.32,1.49,9m39.1709134s
2026-10-01T20:56:30+07:00,12804,msedge.exe,3.05,417.74,2.60,12h32m25.4450523s
2026-10-01T20:56:30+07:00,6212,msedgewebview2.exe,5.21,583.08,3.62,1h8m3.433022s
2026-10-01T20:56:30+07:00,6448,Code.exe,4.67,423.16,2.63,9h20m50.4276128s
2026-10-01T20:56:30+07:00,20816,Code.exe,4.23,421.69,2.62,5m18.380307s
2026-10-01T20:56:30+07:00,12804,msedge.exe,3.05,417.74,2.60,12h32m25.4450523s
2026-10-01T20:56:30+07:00,19600,gopls.exe,2.68,259.27,1.61,5m15.4450523s
2026-10-01T20:56:34+07:00,6212,msedgewebview2.exe,5.21,583.09,3.62,1h8m7.4358873s
2026-10-01T20:56:34+07:00,6448,Code.exe,4.67,420.64,2.61,9h20m54.2331687s
2026-10-01T20:56:34+07:00,20816,Code.exe,4.18,420.33,2.61,5m22.4380512s
2026-10-01T20:56:34+07:00,1228,msedge.exe,3.64,240.32,1.49,9m43.0999209s
2026-10-01T20:56:34+07:00,12804,msedge.exe,3.05,417.74,2.60,12h32m29.4320124s
2026-10-01T20:56:34+07:00,6212,msedgewebview2.exe,5.21,583.09,3.62,1h8m7.4358873s
2026-10-01T20:56:34+07:00,6448,Code.exe,4.67,420.64,2.61,9h20m54.2331687s
2026-10-01T20:56:34+07:00,20816,Code.exe,4.18,420.33,2.61,5m22.4380512s
2026-10-01T20:56:34+07:00,12804,msedge.exe,3.05,417.74,2.60,12h32m29.4320124s
2026-10-01T20:56:34+07:00,19600,gopls.exe,2.65,259.27,1.61,5m19.4331603s
2026-10-01T20:56:38+07:00,6212,msedgewebview2.exe,5.21,583.38,3.63,1h8m11.3926738s
2026-10-01T20:56:38+07:00,6448,Code.exe,4.67,417.77,2.60,9h20m58.2962241s
2026-10-01T20:56:38+07:00,20816,Code.exe,4.13,420.04,2.61,5m26.5186022s
2026-10-01T20:56:38+07:00,1228,msedge.exe,3.61,240.32,1.49,9m47.3947839s
2026-10-01T20:56:38+07:00,12804,msedge.exe,3.05,417.74,2.60,12h32m33.2735588s
2026-10-01T20:56:38+07:00,6212,msedgewebview2.exe,5.21,583.38,3.63,1h8m11.3926738s
2026-10-01T20:56:38+07:00,20816,Code.exe,4.13,420.04,2.61,5m26.5186022s
2026-10-01T20:56:38+07:00,6448,Code.exe,4.67,417.77,2.60,9h20m58.2962241s
2026-10-01T20:56:38+07:00,12804,msedge.exe,3.05,417.74,2.60,12h32m33.2735588s
2026-10-01T20:56:38+07:00,19600,gopls.exe,2.62,259.27,1.61,5m23.5175702s
2026-10-01T20:56:42+07:00,6212,msedgewebview2.exe,5.20,583.30,3.63,1h8m15.3414752s
2026-10-01T20:56:42+07:00,6448,Code.exe,4.67,429.61,2.67,9h21m2.3272802s
2026-10-01T20:56:42+07:00,20816,Code.exe,4.10,420.04,2.61,5m30.4231571s
2026-10-01T20:56:42+07:00,1228,msedge.exe,3.59,240.32,1.49,9m51.2648244s
2026-10-01T20:56:42+07:00,12804,msedge.exe,3.05,417.74,2.60,12h32m37.4174365s
2026-10-01T20:56:42+07:00,6212,msedgewebview2.exe,5.20,583.30,3.63,1h8m15.3414752s
2026-10-01T20:56:42+07:00,6448,Code.exe,4.67,429.61,2.67,9h21m2.3272802s
2026-10-01T20:56:42+07:00,20816,Code.exe,4.10,420.04,2.61,5m30.4231571s
2026-10-01T20:56:42+07:00,12804,msedge.exe,3.05,417.74,2.60,12h32m37.4174365s
2026-10-01T20:56:42+07:00,19600,gopls.exe,2.58,259.27,1.61,5m27.4114359s
2026-10-01T20:56:46+07:00,6212,msedgewebview2.exe,5.20,584.09,3.63,1h8m19.4708386s
2026-10-01T20:56:46+07:00,6448,Code.exe,4.67,431.70,2.68,9h21m6.2683712s
2026-10-01T20:56:46+07:00,20816,Code.exe,4.07,420.12,2.61,5m34.5397649s
2026-10-01T20:56:46+07:00,1228,msedge.exe,3.56,240.32,1.49,9m55.532574s
2026-10-01T20:56:46+07:00,12804,msedge.exe,3.05,417.74,2.60,12h32m41.4337387s
2026-10-01T20:56:46+07:00,6212,msedgewebview2.exe,5.20,584.09,3.63,1h8m19.4708386s
2026-10-01T20:56:46+07:00,6448,Code.exe,4.67,431.70,2.68,9h21m6.2683712s
2026-10-01T20:56:46+07:00,20816,Code.exe,4.07,420.12,2.61,5m34.5397649s
2026-10-01T20:56:46+07:00,12804,msedge.exe,3.05,417.74,2.60,12h32m41.4337387s
2026-10-01T20:56:46+07:00,19600,gopls.exe,2.55,259.27,1.61,5m31.540324s
2026-10-01T20:56:50+07:00,6212,msedgewebview2.exe,5.20,584.12,3.63,1h8m23.4985131s
2026-10-01T20:56:50+07:00,6448,Code.exe,4.67,419.02,2.60,9h21m10.4762789s
2026-10-01T20:56:50+07:00,20816,Code.exe,4.03,420.11,2.61,5m38.5545613s
2026-10-01T20:56:50+07:00,1228,msedge.exe,3.54,239.28,1.49,9m59.5085853s
2026-10-01T20:56:50+07:00,12804,msedge.exe,3.05,417.74,2.60,12h32m45.5505173s
2026-10-01T20:56:50+07:00,6212,msedgewebview2.exe,5.20,584.12,3.63,1h8m23.4985131s
2026-10-01T20:56:50+07:00,20816,Code.exe,4.03,420.11,2.61,5m38.5545613s
2026-10-01T20:56:50+07:00,6448,Code.exe,4.67,419.02,2.60,9h21m10.4762789s
2026-10-01T20:56:50+07:00,12804,msedge.exe,3.05,417.74,2.60,12h32m45.5505173s
2026-10-01T20:56:50+07:00,19600,gopls.exe,2.52,259.27,1.61,5m35.5484923s
2026-10-01T20:56:54+07:00,6212,msedgewebview2.exe,5.20,583.03,3.62,1h8m27.8454521s
2026-10-01T20:56:54+07:00,6448,Code.exe,4.67,421.85,2.62,9h21m14.7675893s
2026-10-01T20:56:54+07:00,20816,Code.exe,3.98,420.11,2.61,5m42.8668506s
2026-10-01T20:56:54+07:00,1228,msedge.exe,3.52,239.61,1.49,10m3.8057308s
2026-10-01T20:56:54+07:00,12804,msedge.exe,3.05,425.25,2.64,12h32m49.8145336s
2026-10-01T20:56:54+07:00,6212,msedgewebview2.exe,5.20,583.03,3.62,1h8m27.8454521s
2026-10-01T20:56:54+07:00,12804,msedge.exe,3.05,425.25,2.64,12h32m49.8145336s
2026-10-01T20:56:54+07:00,6448,Code.exe,4.67,421.85,2.62,9h21m14.7675893s
2026-10-01T20:56:54+07:00,20816,Code.exe,3.98,420.11,2.61,5m42.8668506s
2026-10-01T20:56:54+07:00,19600,gopls.exe,2.49,259.27,1.61,5m39.8437806s
2026-10-01T20:56:58+07:00,6212,msedgewebview2.exe,5.19,583.88,3.63,1h8m31.7606385s
2026-10-01T20:56:58+07:00,6448,Code.exe,4.67,424.80,2.64,9h21m18.6145582s
2026-10-01T20:56:58+07:00,20816,Code.exe,3.94,419.53,2.61,5m46.7635592s
2026-10-01T20:56:58+07:00,1228,msedge.exe,3.50,239.36,1.49,10m7.5101275s
2026-10-01T20:56:58+07:00,12804,msedge.exe,3.05,425.25,2.64,12h32m53.7455759s
2026-10-01T20:56:58+07:00,6212,msedgewebview2.exe,5.19,583.88,3.63,1h8m31.7606385s
2026-10-01T20:56:58+07:00,12804,msedge.exe,3.05,425.25,2.64,12h32m53.7455759s
2026-10-01T20:56:58+07:00,6448,Code.exe,4.67,424.80,2.64,9h21m18.6145582s
2026-10-01T20:56:58+07:00,20816,Code.exe,3.94,419.53,2.61,5m46.7635592s
2026-10-01T20:56:58+07:00,19600,gopls.exe,2.46,259.27,1.61,5m43.7760298s
2026-10-01T20:57:02+07:00,6212,msedgewebview2.exe,5.19,581.70,3.62,1h8m35.4353644s
2026-10-01T20:57:02+07:00,6448,Code.exe,4.67,428.05,2.66,9h21m22.4578301s
2026-10-01T20:57:02+07:00,20816,Code.exe,3.90,419.54,2.61,5m50.7746496s
2026-10-01T20:57:02+07:00,1228,msedge.exe,3.47,239.36,1.49,10m11.6023448s
2026-10-01T20:57:02+07:00,12804,msedge.exe,3.05,423.96,2.64,12h32m57.7173213s
2026-10-01T20:57:02+07:00,6212,msedgewebview2.exe,5.19,581.70,3.62,1h8m35.4353644s
2026-10-01T20:57:02+07:00,6448,Code.exe,4.67,428.05,2.66,9h21m22.4578301s
2026-10-01T20:57:02+07:00,12804,msedge.exe,3.05,423.96,2.64,12h32m57.7173213s
2026-10-01T20:57:02+07:00,20816,Code.exe,3.90,419.54,2.61,5m50.7746496s
2026-10-01T20:57:02+07:00,19600,gopls.exe,2.43,259.27,1.61,5m47.75382s
2026-10-01T20:57:06+07:00,6212,msedgewebview2.exe,5.18,582.61,3.62,1h8m39.4214086s
2026-10-01T20:57:06+07:00,6448,Code.exe,4.67,431.56,2.68,9h21m26.4665043s
2026-10-01T20:57:06+07:00,20816,Code.exe,3.85,418.78,2.60,5m54.7751942s
2026-10-01T20:57:06+07:00,1228,msedge.exe,3.45,239.36,1.49,10m15.5452782s
2026-10-01T20:57:06+07:00,12804,msedge.exe,3.05,423.96,2.64,12h33m1.5825521s
2026-10-01T20:57:06+07:00,6212,msedgewebview2.exe,5.18,582.61,3.62,1h8m39.4214086s
2026-10-01T20:57:06+07:00,6448,Code.exe,4.67,431.56,2.68,9h21m26.4665043s
2026-10-01T20:57:06+07:00,12804,msedge.exe,3.05,423.96,2.64,12h33m1.5825521s
2026-10-01T20:57:06+07:00,20816,Code.exe,3.85,418.78,2.60,5m54.7751942s
2026-10-01T20:57:06+07:00,19600,gopls.exe,2.41,259.27,1.61,5m51.736534s
